Id,Name,Department,Salary,Address
1001,John Doe,Engineering,75000,123 Main St, Anytown, USA
1002,Jane Smith,Marketing,65000,456 Elm St, Otherville, USA
1003,Michael Johnson,Finance,80000,789 Oak St, Anycity, USA
1004,Emily Brown,Human Resources,70000,101 Pine St, Anycity, USA
1005,David Wilson,Engineering,78000,222 Maple St, Othertown, USA
1006,Sarah Lee,Marketing,70000,333 Cedar St, Anyville, USA
1007,Christopher Garcia,Finance,85000,444 Birch St, Anycity, USA
1008,Emma Martinez,Human Resources,72000,555 Walnut St, Otherville, USA
1009,James Rodriguez,Engineering,76000,666 Spruce St, Anytown, USA
1010,Olivia Hernandez,Marketing,68000,777 Pine St, Anyville, USA
1011,Alexander Wright,Engineering,77000,888 Oak St, Othertown, USA
1012,Samantha Lopez,Marketing,72000,999 Elm St, Anytown, USA
1013,Nathan Hill,Finance,82000,111 Pine St, Anyville, USA
1014,Hannah Scott,Human Resources,74000,222 Maple St, Otherville, USA
1015,Andrew Green,Engineering,79000,333 Cedar St, Anytown, USA
1016,Isabella Adams,Marketing,69000,444 Birch St, Anycity, USA
1017,Ethan Baker,Finance,83000,555 Walnut St, Othertown, USA
1018,Mia Gonzalez,Human Resources,76000,666 Spruce St, Anyville, USA
1019,William Nelson,Engineering,80000,777 Pine St, Anytown, USA
1020,Victoria Carter,Marketing,71000,888 Oak St, Othertown, USA
1021,Daniel Ramirez,Finance,84000,999 Elm St, Anyville, USA
1022,Sophia Torres,Human Resources,78000,111 Pine St, Anycity, USA
1023,Aiden Perez,Engineering,81000,222 Maple St, Othertown, USA
1024,Madison Roberts,Marketing,73000,333 Cedar St, Anytown, USA
1025,Joseph Turner,Finance,86000,444 Birch St, Anyville, USA
1026,Chloe Phillips,Human Resources,80000,555 Walnut St, Otherville, USA
1027,Dylan Campbell,Engineering,82000,666 Spruce St, Anytown, USA
1028,Grace Evans,Marketing,74000,777 Pine St, Anyville, USA
1029,Logan Parker,Finance,88000,888 Oak St, Othertown, USA
1030,Lily Foster,Human Resources,82000,999 Elm St, Anycity, USA
